<?xml version="1.0" encoding="utf-8"?>
<products>
    <product name="Hydrogen Car Engine" clients="20000">
        <branch>Tokyo Main Branch</branch>
    </product>
    <product name="Chair" clients="5001023">
        <branch>Central Park Branch</branch>
    </product>
    <product name="Garbage Bag" clients="102849">
        <branch>Headquarters</branch>
    </product>
    <product name="Cyrcus Handles" clients="10312">
        <branch>Delhi Western Branch</branch>
    </product>
    <product name="Opera Monocle" clients="10000">
        <branch>Sidney Central Branch</branch>
    </product>
    <product name="Fertilizer" clients="6502323">
        <branch>Mexico Main Branch</branch>
    </product>
    <product name="Lantern" clients="20000000">
        <branch>Bangalore Central Branch</branch>
    </product>
    <product name="Telescope" clients="100000">
        <branch>Dublin Central Branch</branch>
    </product>
    <product name="Helicopter" clients="1">
        <branch>New York Central</branch>
    </product>
    <product name="Table" clients="10">
        <branch>Headquarters</branch>
    </product>
</products>
