[
  {
    "name": "Sofia",
    "population": 2001050
  },
  {
    "name": "Dublin",
    "population": 1214666
  },
  {
    "name": "Bangalore",
    "population": 11882666
  },
  {
    "name": "New York",
    "population": 11563790
  },
  {
    "name": "Tokyo",
    "population": 27634593
  },
  {
    "name": "Moscow",
    "population": 4523120
  },
  {
    "name": "Rome",
    "population": 3021333
  },
  {
    "name": "Madrid",
    "population": 7403213
  },
  {
    "name": "Paris",
    "population": 8900043
  },
  {
    "name": "Tenerife"
  },
  {
    "name": "Rio de Janeiro",
    "population": 6345231
  },
  {
    "name": "Washington DC",
    "population": 3204506
  },
  {
    "name": "Delhi",
    "population": 12398421
  },
  {
    "name": "Sidney",
    "population": 4283102
  },
  {
    "population": 1000000
  },
  {
    "name": "Mexico City",
    "population": 12041284
  }
]